{
  "nx": 64,
  "nu": 0.01,
  "kinetic_history": [
    0.24980526478969278,
    0.24961071526560022,
    0.24941633969500593,
    0.24922212644656644,
    0.24902806398524846,
    0.24883414086739955,
    0.24864034573594432,
    0.24844666731570128,
    0.24825309440881344,
    0.2480596158902873,
    0.247866220703635,
    0.2476728978566144,
    0.24747963641706167,
    0.247286425508813,
    0.24709325430770934,
    0.24690011203768122,
    0.2467069879669092,
    0.24651387140405567,
    0.2463207516945649,
    0.2461276182170275,
    0.2459344603796061,
    0.2457412676165184,
    0.2455480293845761,
    0.24535473515977438,
    0.24516137443393152,
    0.2449679367113744,
    0.24477441150566775,
    0.2445807883363853,
    0.24438705672591934,
    0.2441932061963276,
    0.24399922626621456,
    0.24380510644764564,
    0.24361083624309204,
    0.2434164051424046,
    0.24322180261981474,
    0.24302701813096117,
    0.2428320411099405,
    0.24263686096638043,
    0.242441467082534,
    0.2422458488103939,
    0.24204999546882547,
    0.2418538963407168,
    0.24165754067014597,
    0.2414609176595633,
    0.2412640164669883,
    0.24106682620322095,
    0.24086933592906534,
    0.2406715346525663,
    0.24047341132625805,
    0.2402749548444239,
    0.24007615404036742,
    0.23987699768369422,
    0.2396774744776045,
    0.23947757305619605,
    0.23927728198177753,
    0.2390765897421928,
    0.23887548474815565,
    0.23867395533059532,
    0.23847198973801412,
    0.2382695761338564,
    0.2380667025938903,
    0.23786335710360224,
    0.237659527555606,
    0.23745520174706652,
    0.23725036737713956,
    0.2370450120444286,
    0.23683912324446055,
    0.23663268836718082,
    0.2364256946944707,
    0.236218129397687,
    0.2360099795352279,
    0.235801232050125,
    0.2355918737676651,
    0.23538189139304377,
    0.2351712715090526,
    0.23496000057380345,
    0.23474806491849237,
    0.23453545074520588,
    0.2343221441247733,
    0.2341081309946681,
    0.2338933971569615,
    0.23367792827633366,
    0.23346170987814374,
    0.2332447273465657,
    0.23302696592279232,
    0.23280841070331282,
    0.23258904663826857,
    0.23236885852989192,
    0.2321478310310336,
    0.23192594864378327,
    0.2317031957181902,
    0.2314795564510883,
    0.23125501488503303,
    0.23102955490735538,
    0.23080316024934022,
    0.23057581448553494,
    0.23034750103319643,
    0.23011820315188197,
    0.22988790394319297,
    0.2296565863506781
  ],
  "residual_history": [
    0.01788276560117675,
    0.017848806984012085,
    0.017815275161278683,
    0.017782160849209357,
    0.017749454959972644,
    0.017717148592970588,
    0.017685233026474588,
    0.017653699709582155,
    0.017622540254475183,
    0.01759174642896368,
    0.017561310149298702,
    0.017531223473240102,
    0.017501478593363803,
    0.017472067830597286,
    0.01744298362796887,
    0.01741421854456062,
    0.01738576524965328,
    0.017357616517051987,
    0.01732976521958453,
    0.01730220432376158,
    0.017274926884590786,
    0.01724792604053659,
    0.017221195008617136,
    0.017194727079632054,
    0.017168515613513145,
    0.01714255403479302,
    0.017116835828183033,
    0.01709135453425721,
    0.01706610374523561,
    0.01704107710086124,
    0.0170162682843677,
    0.016991671018530666,
    0.016967279061801153,
    0.016943086204515186,
    0.016919086265175725,
    0.01689527308680653,
    0.016871640533369578,
    0.016848182486248177,
    0.016824892840789887,
    0.016801765502908357,
    0.016778794385740134,
    0.016755973406356626,
    0.016733296482527475,
    0.016710757529534423,
    0.016688350457035313,
    0.016666069165974105,
    0.016643907545540376,
    0.016621859470172282,
    0.016599918796607757,
    0.016578079360978926,
    0.01655633497595302,
    0.016534679427917413,
    0.01651310647421175,
    0.016491609840404136,
    0.016470183217615363,
    0.016448820259891018,
    0.01642751458162114,
    0.016406259755011664,
    0.01638504930760626,
    0.016363876719863377,
    0.016342735422787663,
    0.016321618795620847,
    0.016300520163592066,
    0.01627943279573271,
    0.016258349902757905,
    0.016237264635016607,
    0.016216170080516686,
    0.01619505926302659,
    0.01617392514025852,
    0.01615276060213752,
    0.016131558469160718,
    0.016110311490852156,
    0.016089012344317748,
    0.01606765363290646,
    0.01604622788498274,
    0.016024727552816986,
    0.016003145011598784,
    0.01598147255858208,
    0.015959702412365752,
    0.01593782671231963,
    0.015915837518160524,
    0.01589372680968901,
    0.015871486486690758,
    0.015849108369014802,
    0.015826584196832742,
    0.01580390563109074,
    0.015781064254161335,
    0.01575805157070336,
    0.01573485900874092,
    0.015711477920968428,
    0.015687899586293335,
    0.01566411521162308,
    0.01564011593390858,
    0.01561589282245228,
    0.015591436881490645,
    0.01556673905306129,
    0.015541790220162974,
    0.015516581210219935,
    0.015491102798858878,
    0.015465345714007539
  ]
}