{
  "nx": 32,
  "nu": 0.1,
  "kinetic_history": [
    0.24803871996798124,
    0.24609288009806862,
    0.24416224760184077,
    0.2422465992282276,
    0.24034572078847244,
    0.238459406708812,
    0.23658745960869754,
    0.2347296899025902,
    0.2328859154235522,
    0.2310559610670215,
    0.22923965845330857,
    0.2274368456074862,
    0.22564736665546573,
    0.22387107153515912,
    0.22210781572172567,
    0.2203574599659883,
    0.2186198700451843,
    0.21689491652528717,
    0.21518247453420064,
    0.21348242354518396,
    0.21179464716992144,
    0.21011903296069737,
    0.20845547222117938,
    0.2068038598253553,
    0.20516409404420205,
    0.20353607637969934,
    0.2019197114058298,
    0.2003149066162334,
    0.1987215722782098,
    0.19713962129278317,
    0.19556896906056406,
    0.19400953335316234,
    0.19246123418992014,
    0.19092399371975,
    0.18939773610787614,
    0.18788238742728988,
    0.186377875554741,
    0.1848841300710969,
    0.1834010821659111,
    0.18192866454605044,
    0.18046681134823886,
    0.17901545805538124,
    0.17757454141653817,
    0.17614399937042796,
    0.17472377097233738,
    0.1733137963243266,
    0.1719140165086203,
    0.1705243735240778,
    0.16914481022564223,
    0.16777527026666864,
    0.166415698044037,
    0.16506603864595715,
    0.16372623780237608,
    0.16239624183790013,
    0.1610759976271478,
    0.1597654525524501,
    0.15846455446381755,
    0.1571732516410967,
    0.15589149275823755,
    0.15461922684959878,
    0.1533564032782167,
    0.15210297170596704,
    0.1508588820655497,
    0.1496240845342286,
    0.14839852950925972,
    0.14718216758494274,
    0.14597494953123288,
    0.14477682627385052,
    0.1435877488758288,
    0.14240766852043968,
    0.14123653649544118,
    0.14007430417858963,
    0.1389209230243624,
    0.1377763445518374,
    0.13664052033367813,
    0.1355134019861733,
    0.13439494116028194,
    0.13328508953363719,
    0.1321837988034606,
    0.13109102068034403,
    0.1300067068828541,
    0.12893080913291716,
    0.12786327915194412,
    0.1268040686576551,
    0.12575312936156546,
    0.12471041296709628,
    0.12367587116827311,
    0.1226494556489785,
    0.12163111808272468,
    0.12062081013291434,
    0.1196184834535582,
    0.11862408969041949,
    0.11763758048255676,
    0.11665890746423693,
    0.11568802226719226,
    0.11472487652319578,
    0.11376942186693043,
    0.1128216099391286,
    0.11188139238995964,
    0.1109487208826438
  ],
  "residual_history": [
    0.020091398661848878,
    0.019891687525379627,
    0.01969675296474195,
    0.019506443032245385,
    0.01932061316306802,
    0.01913912559759614,
    0.018961848855455148,
    0.01878865725613864,
    0.01861943048174906,
    0.018454053177897434,
    0.01829241458925577,
    0.018134408226648316,
    0.017979931562903412,
    0.017828885754981972,
    0.01768117539014802,
    0.017536708254171203,
    0.017395395119740014,
    0.017257149553435703,
    0.017121887739763194,
    0.016989528320863763,
    0.016859992250653856,
    0.01673320266222877,
    0.016609084747468774,
    0.016487565647859383,
    0.016368574355612918,
    0.016252041624246896,
    0.01613789988782668,
    0.0160260831881435,
    0.015916527109140495,
    0.015809168717950454,
    0.01570394651194924,
    0.015600800371268342,
    0.015499671516247484,
    0.01540050246934351,
    0.01530323702104174,
    0.015207820199351827,
    0.015114198242492334,
    0.015022318574405313,
    0.014932129782758846,
    0.01484358159912824,
    0.014756624881067684,
    0.014671211595805932,
    0.014587294805325085,
    0.014504828652597486,
    0.014423768348781441,
    0.014344070161188712,
    0.014265691401861454,
    0.01418859041660735,
    0.014112726574360274,
    0.014038060256751403,
    0.013964552847782434,
    0.013892166723515335,
    0.013820865241697245,
    0.013750612731256787,
    0.013681374481611688,
    0.013613116731748094,
    0.013545806659028428,
    0.013479412367703378,
    0.013413902877105805,
    0.01334924810951113,
    0.013285418877659341,
    0.013222386871932564,
    0.01316012464719459,
    0.013098605609294949,
    0.013037804001253634,
    0.0129776948891346,
    0.012918254147629546,
    0.012859458445369261,
    0.012801285229983585,
    0.012743712712932653,
    0.012686719854134991,
    0.012630286346414823,
    0.01257439259979632,
    0.012519019725669074,
    0.01246414952085196,
    0.012409764451580364,
    0.012355847637442597,
    0.012302382835291047,
    0.012249354423151879,
    0.012196747384158059,
    0.012144547290527838,
    0.012092740287611188,
    0.012041313078025558,
    0.011990252905900913,
    0.01193954754125268,
    0.011889185264501466,
    0.011839154851155316,
    0.011789445556671187,
    0.0117400471015093,
    0.011690949656394787,
    0.011642143827797425,
    0.011593620643642475,
    0.011545371539261455,
    0.011497388343592171,
    0.011449663265636302,
    0.011402188881181293,
    0.011354958119792839,
    0.01130796425208381,
    0.01126120087726176,
    0.01121466191096136
  ]
}