{
  "nx": 16,
  "nu": 0.05500000000000001,
  "kinetic_history": [
    0.24893171566769423,
    0.24786863836576042,
    0.24681067645961313,
    0.245757741220589,
    0.24470974672161216,
    0.24366660973793644,
    0.24262824965265511,
    0.2415945883666924,
    0.2405655502130087,
    0.23954106187477126,
    0.2385210523072565,
    0.23750545266326886,
    0.23649419622187173,
    0.2354872183202425,
    0.23448445628847261,
    0.23348584938714925,
    0.23249133874756078,
    0.23150086731438185,
    0.23051437979070133,
    0.2295318225852644,
    0.22855314376180974,
    0.22757829299038762,
    0.2266072215005541,
    0.22563988203634028,
    0.22467622881290428,
    0.2237162174747766,
    0.2227598050556166,
    0.22180694993940164,
    0.22085761182297528,
    0.2199117516798855,
    0.21896933172544725,
    0.21803031538296813,
    0.2170946672510787,
    0.21616235307211343,
    0.2152333397014896,
    0.21430759507803665,
    0.21338508819522875,
    0.21246578907327854,
    0.2115496687320501,
    0.21063669916475278,
    0.20972685331237986,
    0.2088201050388571,
    0.20791642910686875,
    0.20701580115433116,
    0.20611819767148326,
    0.20522359597856893,
    0.2043319742040833,
    0.20344331126356024,
    0.2025575868388772,
    0.20167478135805575,
    0.20079487597553808,
    0.19991785255291944,
    0.19904369364011854,
    0.1981723824569691,
    0.19730390287521593,
    0.19643823940090047,
    0.1955753771571217,
    0.19471530186715863,
    0.19385799983794136,
    0.1930034579438596,
    0.19215166361089633,
    0.19130260480107678,
    0.19045626999722226,
    0.1896126481879997,
    0.18877172885325788,
    0.1879335019496422,
    0.1870979578964801,
    0.18626508756192983,
    0.1854348822493856,
    0.18460733368413257,
    0.18378243400024608,
    0.18296017572772855,
    0.1821405517798796,
    0.18132355544089357,
    0.1805091803536804,
    0.1796974205079048,
    0.17888827022823992,
    0.17808172416283163,
    0.17727777727196936,
    0.17647642481696052,
    0.17567766234920468,
    0.17488148569946504,
    0.1740878909673338,
    0.17329687451088896,
    0.17250843293654,
    0.17172256308905962,
    0.17093926204179982,
    0.17015852708708978,
    0.16938035572681331,
    0.16860474566316427,
    0.16783169478957793,
    0.1670612011818362,
    0.16629326308934544,
    0.16552787892658505,
    0.16476504726472474,
    0.1640047668234098,
    0.16324703646271232,
    0.16249185517524678,
    0.1617392220784492,
    0.16098913640701767
  ],
  "residual_history": [
    0.01057067632322831,
    0.010487707177860465,
    0.010405973786898743,
    0.01032544478016117,
    0.010246090158303661,
    0.010167881222799649,
    0.010090790510028586,
    0.01001479172917986,
    0.009939859703702467,
    0.009865970316053843,
    0.00979310045551833,
    0.009721227968884876,
    0.009650331613791228,
    0.00958039101455597,
    0.00951138662033205,
    0.00944329966543085,
    0.009376112131676315,
    0.009309806712657825,
    0.009244366779764127,
    0.009179776349883942,
    0.009116020054673397,
    0.009053083111293535,
    0.008990951294530203,
    0.008929610910213546,
    0.008869048769864076,
    0.008809252166491583,
    0.008750208851484389,
    0.008691907012527672,
    0.008634335252494355,
    0.008577482569257196,
    0.008521338336372718,
    0.008465892284593874,
    0.00841113448416724,
    0.00835705532787762,
    0.008303645514803584,
    0.008250896034750328,
    0.008198798153327889,
    0.00814734339764635,
    0.008096523542600882,
    0.008046330597720891,
    0.007996756794559856,
    0.007947794574604103,
    0.00789943657767881,
    0.007851675630834444,
    0.007804504737692034,
    0.007757917068233658,
    0.007711905949021309,
    0.007666464853827803,
    0.007621587394667648,
    0.007577267313214998,
    0.007533498472593353,
    0.007490274849529114,
    0.007447590526855097,
    0.007405439686354416,
    0.007363816601935506,
    0.007322715633127517,
    0.007282131218886973,
    0.007242057871708884,
    0.007202490172031362,
    0.007163422762926696,
    0.007124850345073186,
    0.007086767671996042,
    0.007049169545573669,
    0.007012050811801593,
    0.006975406356804513,
    0.006939231103094609,
    0.006903520006063647,
    0.006868268050707752,
    0.006833470248575529,
    0.006799121634933303,
    0.006765217266142442,
    0.006731752217242435,
    0.0066987215797323545,
    0.006666120459546305,
    0.006633943975216702,
    0.0066021872562178575,
    0.006570845441485756,
    0.006539913678107595,
    0.006509387120174914,
    0.006479260927795132,
    0.00644953026625473,
    0.006420190305329321,
    0.006391236218734128,
    0.00636266318371,
    0.006334466380737797,
    0.006306640993377561,
    0.00627918220822469,
    0.00625208521497864,
    0.006225345206619222,
    0.006198957379682796,
    0.006172916934635757,
    0.006147219076337223,
    0.006121859014587113,
    0.006096831964754066,
    0.0060721331484774625,
    0.006047757794439028,
    0.006023701139197787,
    0.005999958428085237,
    0.005976524916153704,
    0.0059533958691742874
  ]
}