{
  "nx": 32,
  "nu": 0.05500000000000001,
  "kinetic_history": [
    0.24892143394568814,
    0.24784763468138277,
    0.2467785180630097,
    0.24571400273474323,
    0.24465401003052867,
    0.24359846388065665,
    0.24254729072305747,
    0.24150041941900896,
    0.240457781172974,
    0.23941930945630416,
    0.2383849399345639,
    0.23735461039824934,
    0.23632826069668858,
    0.23530583267492747,
    0.23428727011341682,
    0.2332725186703296,
    0.2322615258263484,
    0.23125424083177354,
    0.23025061465581229,
    0.22925059993791824,
    0.22825415094105855,
    0.22726122350679448,
    0.22627177501206774,
    0.22528576432759156,
    0.224303151777753,
    0.22332389910193629,
    0.2223479694171856,
    0.22137532718212785,
    0.22040593816208304,
    0.21943976939529253,
    0.2184767891602012,
    0.21751696694373204,
    0.2165602734104971,
    0.21560668037288994,
    0.2146561607620102,
    0.21370868859937306,
    0.21276423896935887,
    0.2118227879923616,
    0.2108843127985975,
    0.20994879150253715,
    0.2090162031779269,
    0.20808652783336798,
    0.20715974638842324,
    0.20623584065022388,
    0.20531479329055002,
    0.20439658782336134,
    0.2034812085827547,
    0.2025686407013288,
    0.20165887008893515,
    0.20075188341179925,
    0.19984766807199345,
    0.19894621218724812,
    0.19804750457108544,
    0.1971515347132643,
    0.19625829276052342,
    0.19536776949761264,
    0.1944799563286026,
    0.19359484525846304,
    0.19271242887490314,
    0.19183270033046562,
    0.19095565332486844,
    0.19008128208758862,
    0.18920958136068305,
    0.1883405463818416,
    0.187474172867669,
    0.1866104569971922,
    0.18574939539559024,
    0.1848909851181445,
    0.18403522363440694,
    0.1831821088125858,
    0.1823316389041464,
    0.1814838125286273,
    0.18063862865867053,
    0.17979608660526594,
    0.17895618600320967,
    0.17811892679677688,
    0.17728430922560884,
    0.17645233381081551,
    0.1756230013412935,
    0.17479631286026076,
    0.1739722696520087,
    0.17315087322887246,
    0.1723321253184204,
    0.17151602785086442,
    0.1707025829466908,
    0.16989179290451417,
    0.1690836601891542,
    0.16827818741993728,
    0.16747537735922302,
    0.1666752329011573,
    0.16587775706065205,
    0.16508295296259332,
    0.16429082383127736,
    0.16350137298007622,
    0.16271460380133262,
    0.16193051975648495,
    0.16114912436642287,
    0.1603704212020726,
    0.15959441387521356,
    0.15882110602952482
  ],
  "residual_history": [
    0.015193584705577332,
    0.015072693283522946,
    0.014953595216303744,
    0.014836243847461666,
    0.01472059477691014,
    0.014606605736153447,
    0.01449423647168327,
    0.014383448635860989,
    0.014274205684662714,
    0.014166472781722065,
    0.014060216708161242,
    0.0139554057777436,
    0.013852009756931941,
    0.013749999789466878,
    0.013649348325120637,
    0.013550029052309254,
    0.01345201683427572,
    0.013355287648583444,
    0.01325981852968011,
    0.01316558751431459,
    0.013072573589609861,
    0.012980756643609492,
    0.012890117418132794,
    0.012800637463789745,
    0.012712299097014945,
    0.01262508535900007,
    0.012538979976405032,
    0.012453967323748115,
    0.01237003238737763,
    0.012287160730939394,
    0.012205338462260558,
    0.012124552201578296,
    0.012044789051048034,
    0.011966036565471223,
    0.011888282724189214,
    0.011811515904092969,
    0.011735724853705227,
    0.011660898668292652,
    0.011587026765972487,
    0.011514098864779092,
    0.011442104960660804,
    0.011371035306377038,
    0.01130088039127226,
    0.011231630921902897,
    0.011163277803494671,
    0.011095812122212565,
    0.01102922512822317,
    0.010963508219534495,
    0.010898652926595902,
    0.010834650897644068,
    0.010771493884781387,
    0.010709173730771977,
    0.010647682356544497,
    0.010587011749387781,
    0.01052715395182736,
    0.010468101051171562,
    0.010409845169715146,
    0.010352378455588314,
    0.010295693074239002,
    0.010239781200537108,
    0.01018463501148777,
    0.010130246679542066,
    0.010076608366491614,
    0.010023712217933675,
    0.009971550358295441,
    0.00992011488640046,
    0.009869397871566479,
    0.009819391350217655,
    0.00977008732299806,
    0.009721477752369392,
    0.009673554560678772,
    0.00962630962867993,
    0.009579734794491868,
    0.009533821852976741,
    0.009488562555522675,
    0.009443948610211295,
    0.009399971682355356,
    0.00935662339538517,
    0.009313895332070103,
    0.009271779036053739,
    0.009230266013686032,
    0.009189347736133576,
    0.009149015641751669,
    0.00910926113869654,
    0.009070075607763118,
    0.009031450405427674,
    0.008993376867079995,
    0.008955846310424571,
    0.008918850039035893,
    0.008882379346048965,
    0.008846425517969691,
    0.008810979838587503,
    0.00877603359297372,
    0.008741578071552212,
    0.008707604574224965,
    0.008674104414537628,
    0.008641068923873035,
    0.008608489455657158,
    0.008576357389563733,
    0.00854466413570744
  ]
}