{
  "nx": 64,
  "nu": 0.1,
  "kinetic_history": [
    0.2480340136381599,
    0.2460834004802545,
    0.2441479310569002,
    0.24222738542593517,
    0.2403215526950998,
    0.23843023057272572,
    0.23655322494419234,
    0.23469034947213235,
    0.23284142521856319,
    0.23100628028729653,
    0.22918474948513531,
    0.22737667400050598,
    0.22558190109829984,
    0.22380028382980893,
    0.2220316807567439,
    0.22027595568841,
    0.21853297743120167,
    0.21680261954964747,
    0.21508476013830574,
    0.21337928160386962,
    0.21168607045689636,
    0.21000501711262287,
    0.20833601570037588,
    0.2066789638811242,
    0.20503376267275714,
    0.20340031628270655,
    0.20177853194755951,
    0.2001683197793356,
    0.19856959261812746,
    0.19698226589082563,
    0.19540625747566778,
    0.19384148757237177,
    0.1922878785776274,
    0.19074535496573708,
    0.18921384317420847,
    0.18769327149411494,
    0.18618356996504962,
    0.18468467027450952,
    0.18319650566155488,
    0.18171901082459574,
    0.1802521218331674,
    0.17879577604356023,
    0.17734991201817685,
    0.17591446944849498,
    0.174489389081518,
    0.17307461264960103,
    0.17167008280354293,
    0.1702757430488397,
    0.1688915376849967,
    0.1675174117478011,
    0.16615331095445832,
    0.16479918165149907,
    0.1634549707653657,
    0.1621206257555891,
    0.16079609457046945,
    0.15948132560517603,
    0.15817626766218318,
    0.15688086991396177,
    0.1555950818678462,
    0.15431885333300044,
    0.1530521343894059,
    0.15179487535879818,
    0.15054702677747894,
    0.14930853937093236,
    0.14807936403017607,
    0.14685945178977927,
    0.14564875380748016,
    0.14444722134533916,
    0.14325480575236293,
    0.14207145844853813,
    0.14089713091021372,
    0.13973177465677286,
    0.1385753412385369,
    0.13742778222584526,
    0.13628904919925633,
    0.13515909374081667,
    0.1340378674263461,
    0.1329253218186892,
    0.1318214084618837,
    0.13072607887619903,
    0.12963928455399862,
    0.12856097695638188,
    0.12749110751056242,
    0.12642962760794105,
    0.1253764886028333,
    0.12433164181181264,
    0.12329503851363142,
    0.12226662994968399,
    0.12124636732497636,
    0.12023420180956967,
    0.11923008454046415,
    0.11823396662389343,
    0.11724579913799876,
    0.11626553313585461,
    0.11529311964881864,
    0.1143285096901788,
    0.11337165425907354,
    0.11242250434466007,
    0.11148101093050815,
    0.11054712499919747
  ],
  "residual_history": [
    0.0285087343315915,
    0.028224198942328162,
    0.027946512650534543,
    0.027675456434915747,
    0.02741082211019904,
    0.027152411455347435,
    0.026900035421692906,
    0.026653513412861932,
    0.02641267262938521,
    0.02617734747175462,
    0.025947378996433103,
    0.02572261441995718,
    0.025502906666815726,
    0.025288113957261413,
    0.02507809943160998,
    0.02487273080793683,
    0.024671880070380087,
    0.02447542318552529,
    0.024283239844573975,
    0.024095213229202814,
    0.02391122979919264,
    0.023731179100065888,
    0.02355495358910684,
    0.02338244847826305,
    0.023213561592534914,
    0.023048193242561126,
    0.02288624611019578,
    0.022727625145956158,
    0.022572237477291975,
    0.022419992326701225,
    0.022270800938776928,
    0.02212457651533058,
    0.0219812341577959,
    0.021840690816167248,
    0.02170286524377811,
    0.021567677957272817,
    0.02143505120116943,
    0.02130490891645573,
    0.02117717671270026,
    0.021051781843202506,
    0.02092865318273973,
    0.020807721207509195,
    0.020688917976895437,
    0.02057217711672595,
    0.02045743380371117,
    0.020344624750793426,
    0.020233688193158388,
    0.02012456387468802,
    0.02001719303466145,
    0.019911518394533326,
    0.019807484144638877,
    0.0197050359307011,
    0.019604120840028803,
    0.019504687387317,
    0.019406685499975793,
    0.019310066502928266,
    0.019214783102834625,
    0.019120789371709863,
    0.019028040729913848,
    0.018936493928507044,
    0.018846107030967976,
    0.018756839394281775,
    0.018668651649414638,
    0.018581505681195286,
    0.018495364607629305,
    0.018410192758677925,
    0.0183259556545362,
    0.018242619983449677,
    0.01816015357910677,
    0.018078525397653283,
    0.017997705494370214,
    0.017917665000059976,
    0.017838376097186297,
    0.01775981199581185,
    0.017681946909380516,
    0.017604756030384423,
    0.017528215505962574,
    0.017452302413470462,
    0.017376994736062794,
    0.017302271338326798,
    0.01722811194200509,
    0.01715449710184256,
    0.017081408181591377,
    0.017008827330206228,
    0.016936737458259455,
    0.016865122214604435,
    0.016793965963312178,
    0.01672325376090675,
    0.01665297133391977,
    0.016583105056785834,
    0.016513641930095968,
    0.016444569559225467,
    0.01637587613335201,
    0.016307550404875686,
    0.01623958166925228,
    0.016171959745250694,
    0.016104674955641114,
    0.01603771810832189,
    0.015971080477889553,
    0.015904753787656545
  ]
}