{
  "nx": 64,
  "nu": 0.05500000000000001,
  "kinetic_history": [
    0.24891885146682963,
    0.24784235161193963,
    0.2467704183877245,
    0.24570297249619452,
    0.24463993729277228,
    0.24358123869508977,
    0.24252680509645075,
    0.2414765672836503,
    0.2404304583588654,
    0.2393884136653516,
    0.23835037071670034,
    0.23731626912942838,
    0.2362860505586879,
    0.2352596586368989,
    0.23423703891512104,
    0.23321813880699255,
    0.23220290753507683,
    0.23119129607946715,
    0.2301832571285092,
    0.22917874503151214,
    0.22817771575332424,
    0.22718012683065977,
    0.2261859373300697,
    0.22519510780745483,
    0.22420760026902814,
    0.22322337813363705,
    0.22224240619636298,
    0.2212646505933201,
    0.22029007876758036,
    0.2193186594361562,
    0.21835036255797596,
    0.21738515930279273,
    0.21642302202096864,
    0.21546392421408267,
    0.21450784050631116,
    0.21355474661653495,
    0.21260461933112954,
    0.2116574364773967,
    0.21071317689760063,
    0.20977182042357123,
    0.20883334785184296,
    0.20789774091929747,
    0.20696498227928087,
    0.2060350554781698,
    0.20510794493236076,
    0.20418363590565985,
    0.20326211448705217,
    0.2023433675688307,
    0.20142738282506745,
    0.20051414869040957,
    0.1996036543391864,
    0.1986958896648128,
    0.19779084525947743,
    0.19688851239410365,
    0.1959888829985743,
    0.19509194964221016,
    0.19419770551449508,
    0.19330614440604044,
    0.19241726068978277,
    0.19153104930240966,
    0.19064750572600922,
    0.18976662596993912,
    0.1888884065529131,
    0.1880128444853016,
    0.18713993725164502,
    0.18626968279337858,
    0.18540207949176785,
    0.1845371261510544,
    0.1836748219818119,
    0.18281516658451324,
    0.18195815993330916,
    0.18110380236001955,
    0.1802520945383389,
    0.17940303746825756,
    0.17855663246070003,
    0.17771288112238276,
    0.17687178534089343,
    0.17603334726999365,
    0.17519756931514724,
    0.1743644541192769,
    0.17353400454875095,
    0.17270622367960303,
    0.1718811147839866,
    0.17105868131686652,
    0.1702389269029508,
    0.16942185532386322,
    0.16860747050556005,
    0.16779577650599256,
    0.16698677750301683,
    0.16618047778255277,
    0.16537688172699452,
    0.1645759938038726,
    0.16377781855477003,
    0.16298236058449303,
    0.16218962455049782,
    0.16139961515257362,
    0.16061233712278294,
    0.15982779521565976,
    0.15904599419866525,
    0.15826693884290172
  ],
  "residual_history": [
    0.021574035111367084,
    0.02140179538116268,
    0.021232104596709087,
    0.021064896134568273,
    0.02090010667866781,
    0.02073767603420644,
    0.020577546954081195,
    0.020419664976732824,
    0.020263978274415787,
    0.02011043751100214,
    0.01995899570851123,
    0.019809608121639222,
    0.01966223211963109,
    0.019516827074900694,
    0.019373354257858844,
    0.019231776737464058,
    0.019092059287051013,
    0.018954168295037467,
    0.018818071680142334,
    0.01868373881078709,
    0.018551140428379274,
    0.018420248574203248,
    0.01829103651967312,
    0.018163478699722048,
    0.018037550649123213,
    0.017913228941558834,
    0.01779049113126707,
    0.0176693156971184,
    0.01754968198897959,
    0.01743157017624432,
    0.017314961198416964,
    0.017199836717646428,
    0.017086179073120926,
    0.016973971237240034,
    0.01686319677348989,
    0.016753839795954528,
    0.01664588493040483,
    0.01653931727690958,
    0.016434122373921393,
    0.016330286163793856,
    0.016227794959691927,
    0.016126635413858306,
    0.016026794487207507,
    0.01592825942021613,
    0.015831017705085694,
    0.015735057059153294,
    0.015640365399529326,
    0.015546930818940865,
    0.015454741562763608,
    0.015363786007223487,
    0.015274052638752002,
    0.0151855300344773,
    0.015098206843836687,
    0.01501207177129364,
    0.014927113560142702,
    0.014843320977388278,
    0.014760682799677476,
    0.01467918780027336,
    0.01459882473704794,
    0.014519582341479022,
    0.014441449308629931,
    0.014364414288094221,
    0.01428846587588247,
    0.014213592607230933,
    0.014139782950310808,
    0.014067025300809954,
    0.01399530797736932,
    0.013924619217842764,
    0.013854947176358224,
    0.013786279921151593,
    0.013718605433144612,
    0.013651911605240865,
    0.01358618624230762,
    0.013521417061816327,
    0.013457591695108479,
    0.013394697689259506,
    0.013332722509504928,
    0.013271653542201492,
    0.013211478098287873,
    0.013152183417214743,
    0.013093756671311742,
    0.013036184970558197,
    0.01297945536772678,
    0.012923554863867832,
    0.012868470414101949,
    0.01281418893369085,
    0.012760697304354484,
    0.012707982380805264,
    0.012656030997468508,
    0.012604829975361418,
    0.012554366129100521,
    0.012504626274012038,
    0.012455597233317007,
    0.012407265845366113,
    0.012359618970898904,
    0.012312643500304778,
    0.012266326360861503,
    0.012220654523929514,
    0.012175615012083951,
    0.012131194906161644
  ]
}