{
  "nx": 16,
  "nu": 0.1,
  "kinetic_history": [
    0.24805745654724548,
    0.24613059108643892,
    0.24421915918375145,
    0.2423229259290207,
    0.24044166547436258,
    0.23857516059895,
    0.23672320229804764,
    0.23488558939455925,
    0.23306212817149746,
    0.23125263202392207,
    0.22945692112901755,
    0.22767482213309242,
    0.22590616785438455,
    0.22415079700064824,
    0.222408553900583,
    0.22067928824823896,
    0.2189628548596027,
    0.21725911344063137,
    0.21556792836605781,
    0.21388916846834344,
    0.21222270683620206,
    0.21056842062216088,
    0.20892619085866604,
    0.20729590228227407,
    0.2056774431655053,
    0.20407070515596543,
    0.202475583122368,
    0.20089197500711725,
    0.1993197816851339,
    0.19775890682862635,
    0.196209256777532,
    0.1946707404153682,
    0.19314326905025186,
    0.19162675630086004,
    0.19012111798711778,
    0.18862627202541365,
    0.18714213832815385,
    0.18566863870747718,
    0.18420569678296314,
    0.18275323789317482,
    0.18131118901088605,
    0.17987947866185117,
    0.17845803684698183,
    0.17704679496780312,
    0.17564568575506648,
    0.17425464320040318,
    0.17287360249090752,
    0.17150249994654287,
    0.17014127296027015,
    0.16878985994080015,
    0.16744820025787738,
    0.16611623419000487,
    0.16479390287452492,
    0.16348114825997107,
    0.16217791306061327,
    0.16088414071311738,
    0.159599775335246,
    0.15832476168652743,
    0.15705904513082458,
    0.1558025716007348,
    0.15455528756375747,
    0.15331713999016439,
    0.15208807632251306,
    0.1508680444467429,
    0.14965699266479687,
    0.1484548696687129,
    0.1472616245161305,
    0.14607720660716014,
    0.14490156566256407,
    0.1437346517031988,
    0.14257641503067148,
    0.14142680620916218,
    0.1402857760483675,
    0.13915327558752072,
    0.13802925608044525,
    0.13691366898160007,
    0.13580646593307588,
    0.13470759875250324,
    0.13361701942183335,
    0.1325346800769553,
    0.13146053299811294,
    0.13039453060108663,
    0.1293366254291054,
    0.12828677014545745,
    0.12724491752676564,
    0.12621102045689836,
    0.12518503192148447,
    0.12416690500300424,
    0.12315659287642725,
    0.12215404880537054,
    0.12115922613875028,
    0.1201720783079018,
    0.11919255882414267,
    0.11822062127675587,
    0.11725621933136898,
    0.11629930672870849,
    0.11534983728370621,
    0.11440776488493862,
    0.11347304349437823,
    0.11254562714743818
  ],
  "residual_history": [
    0.014017720164445273,
    0.013880646327383471,
    0.013746764133709757,
    0.013615974525003271,
    0.0134881829215529,
    0.01336329890891027,
    0.013241235949780916,
    0.013121911119055165,
    0.013005244859998627,
    0.012891160759823078,
    0.012779585343027774,
    0.012670447881056816,
    0.012563680216952458,
    0.012459216603808236,
    0.01235699355592826,
    0.012256949711700044,
    0.012159025707269183,
    0.012063164060185674,
    0.01196930906225383,
    0.01187740668088503,
    0.011787404468304747,
    0.011699251478017304,
    0.011612898187973453,
    0.011528296429931738,
    0.011445399324538107,
    0.01136416122168341,
    0.011284537645730036,
    0.01120648524522606,
    0.011129961746753769,
    0.01105492591258058,
    0.01098133750180457,
    0.01090915723470904,
    0.010838346760054329,
    0.010768868625061483,
    0.010700686247850361,
    0.0106337638921176,
    0.010568066643850123,
    0.010503560389885817,
    0.010440211798147043,
    0.010377988299380945,
    0.010316858070258587,
    0.010256790017689053,
    0.010197753764221211,
    0.010139719634411166,
    0.010082658642045746,
    0.010026542478119491,
    0.009971343499472322,
    0.009917034718001478,
    0.009863589790369812,
    0.009810983008140806,
    0.009759189288272904,
    0.009708184163918134,
    0.009657943775470823,
    0.009608444861820449,
    0.009559664751766664,
    0.00951158135555946,
    0.00946417315653332,
    0.009417419202805855,
    0.009371299099016829,
    0.009325792998089125,
    0.009280881592990205,
    0.009236546108483264,
    0.009192768292855752,
    0.009149530409614508,
    0.00910681522914293,
    0.009064606020314548,
    0.009022886542060486,
    0.008981641034888943,
    0.008940854212358875,
    0.00890051125250795,
    0.008860597789237892,
    0.00882109990366244,
    0.00878200411542091,
    0.008743297373964115,
    0.008704967049817805,
    0.008667000925831414,
    0.008629387188417525,
    0.008592114418790603,
    0.008555171584212479,
    0.008518548029250657,
    0.00848223346705919,
    0.008446217970688312,
    0.00841049196443189,
    0.008375046215217419,
    0.008339871824050124,
    0.008304960217513885,
    0.008270303139339956,
    0.008235892642046517,
    0.008201721078658453,
    0.008167781094511852,
    0.008134065619149311,
    0.008100567858311692,
    0.008067281286031314,
    0.008034199636831918,
    0.008001316898039092,
    0.00796862730220537,
    0.00793612531965474,
    0.007903805651148678,
    0.007871663220677916,
    0.007839693168381399
  ]
}