{
  "nx": 16,
  "nu": 0.01,
  "kinetic_history": [
    0.24980751272267146,
    0.24961587421599604,
    0.24942507109124434,
    0.24923509029089405,
    0.2490459190810208,
    0.2488575450440157,
    0.24866995607161757,
    0.24848314035825003,
    0.24829708639465162,
    0.24811178296179098,
    0.247927219125056,
    0.24774338422870995,
    0.24756026789060478,
    0.24737785999714484,
    0.24719615069849285,
    0.247015130404012,
    0.24683478977793666,
    0.24665511973526608,
    0.24647611143787504,
    0.24629775629083578,
    0.2461200459389466,
    0.24594297226346123,
    0.2457665273790156,
    0.24559070363074673,
    0.24541549359160036,
    0.2452408900598234,
    0.24506688605663765,
    0.2448934748240916,
    0.24472064982308733,
    0.24454840473157988,
    0.24437673344294622,
    0.24420563006452167,
    0.2440350889163016,
    0.24386510452980642,
    0.2436956716471076,
    0.2435267852200143,
    0.2433584404094173,
    0.24319063258479023,
    0.2430233573238466,
    0.24285661041235074,
    0.24269038784408245,
    0.24252468582095393,
    0.24235950075327814,
    0.24219482926018773,
    0.24203066817020355,
    0.24186701452195214,
    0.24170386556503118,
    0.24154121876102216,
    0.24137907178464899,
    0.24121742252508216,
    0.24105626908738664,
    0.24089560979411329,
    0.24073544318703127,
    0.24057576802900127,
    0.24041658330598636,
    0.24025788822920097,
    0.2400996822373927,
    0.23994196499925774,
    0.23978473641598555,
    0.23962799662393014,
    0.23947174599740495,
    0.2393159851515982,
    0.23916071494560343,
    0.2390059364855628,
    0.2388516511279163,
    0.2386978604827536,
    0.23854456641726168,
    0.2383917710592623,
    0.23823947680083316,
    0.23808768630200527,
    0.23793640249452858,
    0.23778562858569818,
    0.23763536806223212,
    0.2374856246941911,
    0.2373364025389305,
    0.23718770594507438,
    0.2370395395564996,
    0.23689190831631912,
    0.23674481747085166,
    0.2365982725735649,
    0.23645227948897898,
    0.2363068443965159,
    0.2361619737942801,
    0.23601767450275557,
    0.23587395366840302,
    0.23573081876714086,
    0.23558827760769444,
    0.23544633833479423,
    0.2353050094322068,
    0.2351642997255803,
    0.23502421838508514,
    0.2348847749278315,
    0.234745979220045,
    0.23460784147898012,
    0.234470372274552,
    0.23433358253066788,
    0.23419748352623604,
    0.2340620868958347,
    0.23392740463001857,
    0.2337934490752449
  ],
  "residual_history": [
    0.008729021833067492,
    0.008712589797666117,
    0.008696438721601965,
    0.0086805641890324,
    0.008664961928232726,
    0.008649627807440045,
    0.00863455783088581,
    0.008619748135011785,
    0.008605194984858299,
    0.00859089477062128,
    0.00857684400436939,
    0.00856303931691655,
    0.008549477454840936,
    0.008536155277649251,
    0.00852306975507633,
    0.008510217964518431,
    0.008497597088593918,
    0.00848520441282566,
    0.008473037323443405,
    0.008461093305299552,
    0.008449369939894846,
    0.008437864903511446,
    0.008426575965447205,
    0.008415500986349807,
    0.008404637916644758,
    0.008393984795056559,
    0.008383539747216853,
    0.008373300984357073,
    0.008363266802082126,
    0.008353435579221495,
    0.008343805776753185,
    0.00833437593679752,
    0.008325144681676484,
    0.00831611071303388,
    0.00830727281101268,
    0.00829862983348463,
    0.008290180715325926,
    0.008281924467736661,
    0.00827386017759554,
    0.00826598700684508,
    0.0082583041919025,
    0.00825081104308715,
    0.008243506944060109,
    0.008236391351266628,
    0.008229463793375743,
    0.00822272387070699,
    0.008216171254637937,
    0.00820980568698108,
    0.008203626979324603,
    0.00819763501232395,
    0.00819182973493664,
    0.008186211163589367,
    0.00818077938126739,
    0.008175534536515091,
    0.00817047684233811,
    0.00816560657499442,
    0.008160924072664236,
    0.008156429733987638,
    0.008152124016459044,
    0.008148007434666366,
    0.008144080558364701,
    0.008140344010373696,
    0.00813679846428806,
    0.0081334446419901,
    0.008130283310955827,
    0.008127315281343979,
    0.008124541402859453,
    0.008121962561383075,
    0.008119579675360512,
    0.008117393691940715,
    0.008115405582862749,
    0.00811361634008091,
    0.008112026971126682,
    0.008110638494204047,
    0.008109451933015675,
    0.008108468311318432,
    0.008107688647210452,
    0.008107113947149327,
    0.008106745199705492,
    0.008106583369055578,
    0.00810662938821877,
    0.00810688415204729,
    0.008107348509976364,
    0.008108023258544768,
    0.008108909133697809,
    0.008110006802885605,
    0.008111316856970426,
    0.008112839801960429,
    0.008114576050584637,
    0.008116525913731347,
    0.00811868959176702,
    0.008121067165757716,
    0.008123658588617081,
    0.008126463676202598,
    0.0081294820983864,
    0.008132713370125022,
    0.008136156842556096,
    0.008139811694148761,
    0.008143676921935154,
    0.00814775133285338
  ]
}