{
  "nx": 32,
  "nu": 0.01,
  "kinetic_history": [
    0.24980571584028602,
    0.24961175660777563,
    0.249418110212255,
    0.2492247647172629,
    0.2490317083344044,
    0.24883892941784827,
    0.24864641645900026,
    0.24845415808134452,
    0.24826214303544597,
    0.24807036019410644,
    0.24787879854766848,
    0.2476874471994602,
    0.24749629536137563,
    0.24730533234958443,
    0.24711454758036666,
    0.24692393056606612,
    0.246733470911159,
    0.246543158308432,
    0.24635298253526655,
    0.2461629334500245,
    0.24597300098853128,
    0.2457831751606536,
    0.24559344604696726,
    0.24540380379551233,
    0.2452142386186322,
    0.245024740789894,
    0.24483530064108694,
    0.2446459085592963,
    0.24445655498405056,
    0.24426723040453885,
    0.2440779253568972,
    0.24388863042156048,
    0.24369933622067907,
    0.24351003341559752,
    0.24332071270439393,
    0.24313136481947817,
    0.24294198052524757,
    0.24275255061579828,
    0.24256306591269175,
    0.2423735172627735,
    0.2421838955360455,
    0.24199419162358835,
    0.2418043964355345,
    0.2416145008990906,
    0.24142449595660812,
    0.24123437256370228,
    0.24104412168741793,
    0.24085373430444224,
    0.24066320139936387,
    0.240472513962978,
    0.24028166299063708,
    0.24009063948064713,
    0.23989943443270945,
    0.239708038846408,
    0.2395164437197417,
    0.23932464004770287,
    0.23913261882090148,
    0.23894037102423493,
    0.23874788763560523,
    0.2385551596246824,
    0.2383621779517158,
    0.2381689335663933,
    0.23797541740674943,
    0.23778162039812317,
    0.23758753345216577,
    0.23739314746590057,
    0.23719845332083442,
    0.2370034418821234,
    0.23680810399779234,
    0.2366124304980109,
    0.2364164121944264,
    0.23622003987955567,
    0.2360233043262366,
    0.2358261962871417,
    0.23562870649435486,
    0.2354308256590134,
    0.2352325444710166,
    0.2350338535988034,
    0.2348347436892008,
    0.23463520536734467,
    0.23443522923667626,
    0.23423480587901485,
    0.2340339258547106,
    0.23383257970287863,
    0.23363075794171734,
    0.2334284510689133,
    0.23322564956213532,
    0.23302234387961976,
    0.2328185244608506,
    0.2326141817273361,
    0.23240930608348506,
    0.2322038879175853,
    0.2319979176028874,
    0.23179138549879583,
    0.23158428195217073,
    0.2313765972987425,
    0.23116832186464234,
    0.2309594459680513,
    0.23074995992096944,
    0.2305398540311091
  ],
  "residual_history": [
    0.012584610174519121,
    0.012560753139882109,
    0.012537220444357027,
    0.012514005572499206,
    0.01249110216741402,
    0.012468504024534451,
    0.012446205085662873,
    0.012424199433261784,
    0.012402481284981073,
    0.012381044988411279,
    0.012359885016047801,
    0.012338995960460194,
    0.012318372529651626,
    0.01229800954260227,
    0.01227790192498705,
    0.012258044705057586,
    0.01223843300968307,
    0.012219062060540192,
    0.012199927170447045,
    0.012181023739833263,
    0.012162347253339666,
    0.012143893276543184,
    0.012125657452800115,
    0.012107635500203436,
    0.012089823208647618,
    0.012072216436999267,
    0.012054811110365639,
    0.012037603217460264,
    0.012020588808058801,
    0.012003763990544643,
    0.01198712492953784,
    0.011970667843606331,
    0.011954389003055309,
    0.011938284727792197,
    0.011922351385265225,
    0.011906585388472276,
    0.011890983194037655,
    0.011875541300355985,
    0.011860256245799483,
    0.011845124606987773,
    0.011830142997118936,
    0.011815308064359006,
    0.011800616490289271,
    0.011786064988409917,
    0.011771650302699822,
    0.011757369206228604,
    0.011743218499823323,
    0.01172919501078645,
    0.011715295591666784,
    0.011701517119078957,
    0.011687856492576055,
    0.01167431063356914,
    0.011660876484299178,
    0.01164755100685548,
    0.0116343311822455,
    0.011621214009511915,
    0.011608196504899282,
    0.011595275701069625,
    0.011582448646367302,
    0.011569712404132595,
    0.011557064052065307,
    0.011544500681638502,
    0.011532019397562024,
    0.011519617317297103,
    0.011507291570622606,
    0.011495039299252757,
    0.011482857656507924,
    0.011470743807038022,
    0.01145869492660116,
    0.011446708201895094,
    0.011434780830446434,
    0.011422910020554395,
    0.011411092991292981,
    0.011399326972570132,
    0.011387609205246325,
    0.01137593694131205,
    0.01136430744412631,
    0.011352717988714877,
    0.011341165862130624,
    0.011329648363875627,
    0.011318162806385208,
    0.01130670651557404,
    0.011295276831444708,
    0.011283871108758182,
    0.011272486717765129,
    0.011261121044998492,
    0.01124977149412453,
    0.011238435486851682,
    0.011227110463894931,
    0.011215793885993357,
    0.01120448323497708,
    0.011193176014880202,
    0.011181869753095564,
    0.011170562001565592,
    0.011159250338003725,
    0.011147932367139029,
    0.011136605721976686,
    0.011125268065065325,
    0.011113917089761734,
    0.011102550521480709
  ]
}