{
  "claim_boundary": "median-of-means classical-shadow confidence bands on finite-state observables; statistical, fixed shot budget; not a continuum/Millennium claim",
  "coverage": "5/5",
  "error_budget": {
    "bound_total": 1e-12,
    "by_category": {
      "numerical": 1e-12,
      "statistical": 0.06458357783781582
    },
    "components": [
      {
        "category": "statistical",
        "kind": "stochastic",
        "name": "shadow_statistical_ci",
        "value": 0.06458357783781582
      },
      {
        "category": "numerical",
        "kind": "bound",
        "name": "numerical_precision",
        "value": 1e-12
      }
    ],
    "dominant": "shadow_statistical_ci",
    "quantity": "shadow_observables(berry_keating_xp)",
    "stochastic_total": 0.06458357783781582,
    "total": 0.06458357783881583
  },
  "level": 0.95,
  "n_basis": 8,
  "n_batches": 12,
  "n_qubits": 3,
  "n_snapshots": 600,
  "observables": {
    "X0X1": {
      "abs_error": 0.04154154330421948,
      "ci": [
        -0.05708357783781585,
        0.0720835778378158
      ],
      "covered": true,
      "estimate": -0.015000000000000013,
      "exact": 0.02654154330421947,
      "observable": "X0X1"
    },
    "Z0": {
      "abs_error": 0.007300336464218793,
      "ci": [
        -0.8254438334327047,
        -0.7753894999006284
      ],
      "covered": true,
      "estimate": -0.7999999999999998,
      "exact": -0.8073003364642186,
      "observable": "Z0"
    },
    "Z0Z1": {
      "abs_error": 0.013627917377839742,
      "ci": [
        -0.04446333519644156,
        0.07446333519644151
      ],
      "covered": true,
      "estimate": 0.029999999999999964,
      "exact": 0.016372082622160222,
      "observable": "Z0Z1"
    },
    "Z1": {
      "abs_error": 0.042857601958949304,
      "ci": [
        -0.23348121129458474,
        -0.11985212203874848
      ],
      "covered": true,
      "estimate": -0.2049999999999998,
      "exact": -0.1621423980410505,
      "observable": "Z1"
    },
    "Z2": {
      "abs_error": 2.900324091201223e-05,
      "ci": [
        -0.06736024410648228,
        0.004860244106482347
      ],
      "covered": true,
      "estimate": -0.037499999999999895,
      "exact": -0.03747099675908788,
      "observable": "Z2"
    }
  },
  "operator": "berry_keating_xp"
}