{
  "family": "xp",
  "n_basis": 16,
  "n_precision": 8,
  "n_qubits": 12,
  "circuit_depth": 11,
  "shots": 8192,
  "backend_type": "simulator",
  "device_name": null,
  "use_emulator": false,
  "best_candidate_idx": 0,
  "classical_mismatch": 27.3908942627988,
  "classical_eigenvalues": [
    -31.08064452948588,
    -22.28006592670595,
    -16.265591758452068,
    -11.685336028142446,
    -8.045491281065848,
    -5.105993333742486,
    -2.7352619183245865,
    -0.8362844847309688,
    0.836284484730966,
    2.7352619183245888,
    5.105993333742486,
    8.045491281065846,
    11.68533602814244,
    16.265591758452075,
    22.280065926705955,
    31.08064452948587
  ],
  "qpe_target_eigenvalue": 0.836284484730966,
  "evolution_time": 0.08086299885086096,
  "target_zeros": [
    14.134725141734693,
    21.022039638771556,
    25.01085758014569,
    30.424876125859512,
    32.93506158773919,
    37.58617815882567,
    40.9187190121475,
    43.327073280915
  ],
  "measured_phase": 0.98828125,
  "phase_uncertainty": 0.004314193923302686,
  "estimated_eigenvalue": 0.9105657576997817,
  "eigenvalue_uncertainty": 0.33521981940359713,
  "error_vs_target": 13.22415938403491,
  "error_vs_classical": 0.0742812729688157,
  "timestamp": "2026-06-07T00:54:28.460154",
  "backend": "simulator"
}