{
  "born_weights": [
    0.3333333333333333,
    0.3333333333333333,
    0.3333333333333333
  ],
  "branch_bracket_valid": true,
  "claim_boundary": "finite exact model of decoherence/einselection: how classical branch structure emerges from entanglement with an environment; makes NO metaphysical claim and says nothing about any creator/deity; not a continuum/Millennium claim",
  "coherence_l1": 0.004353564671999877,
  "coq_certificate": "Require Import Reals.\nRequire Import Lra.\nOpen Scope R_scope.\n\nSection Branching_D3.\n\nVariable Neff : R.\n\n(* TRUST INPUT 1: Tr(rho^2) <= 1  =>  N_eff >= 1. *)\nHypothesis neff_lower : Neff >= 1.\n(* TRUST INPUT 2: Tr(rho^2) >= 1/d  =>  N_eff <= d. *)\nHypothesis neff_upper : Neff <= 3.0.\n\nTheorem branch_bracket : 1 <= Neff /\\ Neff <= 3.0.\nProof. lra. Qed.\n\nEnd Branching_D3.\n",
  "d": 3,
  "decohered": false,
  "effective_branches": 2.999971569981395,
  "kind": "decoherence_branching",
  "lean4_certificate": "import Mathlib.Tactic\n\nnamespace Branching.D3\n\n/-- The effective branch count N_eff = 1 / Tr(rho^2) (abstract). -/\naxiom Neff : \u211d\n\n/-- TRUST INPUT 1 -- Tr(rho^2) <= 1, so the participation ratio N_eff >= 1. -/\naxiom neff_lower : Neff \u2265 1\n/-- TRUST INPUT 2 -- Tr(rho^2) >= 1/d, so N_eff <= d. -/\naxiom neff_upper : Neff \u2264 3.0\n\n/-- The system occupies between 1 and d effective branches (no holes). -/\ntheorem branch_bracket : 1 \u2264 Neff \u2227 Neff \u2264 3.0 := by\n  constructor\n  \u00b7 linarith [neff_lower]\n  \u00b7 linarith [neff_upper]\n\nend Branching.D3\n",
  "n_env": 12,
  "overlap": 0.6,
  "purity": 0.3333364922542255,
  "reduced_state_discrepancy": 1.1102230246251565e-16,
  "sweep_coherence": [
    2.0,
    1.2000000000000002,
    0.72,
    0.43199999999999994,
    0.2591999999999999,
    0.15551999999999988,
    0.09331199999999984,
    0.055987199999999904,
    0.0335923199999999,
    0.02015539199999994,
    0.01209323519999983,
    0.007255941119999942,
    0.004353564671999877,
    0.0026121388031998816,
    0.0015672832819200178,
    0.0009403699691519218,
    0.0005642219814911975
  ],
  "sweep_effective_branches": [
    1.0,
    1.7441860465116281,
    2.3824650571791617,
    2.743955979628871,
    2.902498346736942,
    2.9641537910360296,
    2.9869959200869016,
    2.9953055077534554,
    2.9983082885563097,
    2.9993907640079516,
    2.999780646533417,
    2.9999210290565532,
    2.999971569981395,
    2.999989765131227,
    2.999996315439197,
    2.9999986735570685,
    2.99999952248041
  ],
  "sweep_n_env": [
    0,
    1,
    2,
    3,
    4,
    5,
    6,
    7,
    8,
    9,
    10,
    11,
    12,
    13,
    14,
    15,
    16
  ],
  "weights_sum": 1.0
}