run_id,hypothesis_id,observable,value,family,k_tracked,k_zeros,n_basis
20260605T111300Z,curverank-0001,spectral_mismatch,27.39132244924091,xp,,20,10
20260605T111300Z,curverank-0001,spectral_mismatch,29.39082464699649,xp,,20,15
20260605T111300Z,curverank-0001,spectral_mismatch,35.53568994244663,xp,,20,20
20260605T111300Z,curverank-0001,truncation_drift,nan,xp,5,,10
20260605T111300Z,curverank-0001,truncation_drift,2.9688851730384824,xp,7,,15
20260605T111300Z,curverank-0001,truncation_drift,13.260378945272182,xp,10,,20
