{
  "all_inside_certified": true,
  "certified_enclosures": [
    [
      0.0009896651057694338,
      0.000989665106040011
    ],
    [
      0.0009896651057694466,
      0.0009896651060400646
    ],
    [
      0.08191517050401657,
      0.08191517050587035
    ],
    [
      0.08191517050401663,
      0.0819151705058703
    ],
    [
      0.5553985744897532,
      0.5553985744948943
    ],
    [
      0.5553985744897538,
      0.5553985744948948
    ],
    [
      0.9999999999913968,
      1.0
    ],
    [
      0.9999999999913979,
      1.0
    ]
  ],
  "claim_boundary": "certified polynomial transform of a finite Hermitian spectrum; not a continuum/Millennium claim",
  "coeffs": [
    0.0,
    0.0,
    1.0
  ],
  "kind": "qsvt_eigenvalue_transform",
  "max_residual_vs_reference": 8.881784197001252e-16,
  "transformed_eigenvalues": [
    0.0009896651059045547,
    0.0009896651059049348,
    0.0819151705049434,
    0.08191517050494358,
    0.5553985744923234,
    0.5553985744923235,
    0.999999999995698,
    0.9999999999956986
  ],
  "window": [
    -3.493959207442449,
    3.4939592074424493
  ]
}